age,length_of_stay,prior_admissions,num_diagnoses,chronic_index,medication_count,lab_abnormality_score,utilization_last_6m,wellness_engagement_score,enrollment_tenure_months,readmitted_30d
34,5,1,5,3,5,0.87,5.06,2.98,26,0
23,1,0,3,1,5,4.49,3.34,86.93,91,0
74,3,1,6,1,9,8.47,7.24,80.71,87,0
68,4,1,5,0,3,3.62,2.31,6.96,79,0
30,6,0,3,2,8,3.55,8.04,70.18,82,1
41,2,0,4,1,8,9.25,8.26,21.96,38,1
27,4,1,4,2,9,8.76,3.78,65.54,47,1
78,8,1,5,1,4,7.47,5.14,58.35,43,1
37,3,0,5,2,4,4.22,0.76,38.16,119,0
90,1,1,4,1,3,5.37,3.2,64.1,13,0
78,7,1,3,0,8,1.06,7.5,84.17,60,0
67,1,1,2,2,4,0.01,3.89,1.95,111,0
59,4,1,4,1,7,9.78,6.39,12.58,79,1
41,1,0,9,1,8,5.39,8.76,20.12,37,1
67,1,1,6,2,5,2.3,2.64,7.1,75,0
24,6,1,4,2,12,2.14,1.59,93.55,68,0
80,4,0,6,2,5,7.29,8.08,98.42,11,1
63,5,1,4,2,11,1.4,2.2,46.26,104,0
90,6,1,4,1,12,2.36,4.88,48.14,103,1
41,5,0,9,1,13,4.55,5.08,95.73,119,0
82,4,1,7,1,3,0.57,7.01,50.29,102,0
85,3,1,5,0,5,2.35,1.44,89.03,29,0
30,1,1,1,1,9,2.39,4.75,67.17,35,0
29,7,2,5,1,7,5.38,6.07,13.25,41,0
51,3,1,6,0,1,6.54,0.09,81.71,35,0
37,1,0,9,1,6,2.82,2.53,34.29,82,1
84,1,1,5,1,5,0.04,9.25,63.71,31,1
90,4,0,2,3,12,6.91,1.79,3.6,44,0
75,5,1,7,0,12,2.1,2.99,10.28,93,1
72,1,2,4,2,7,1.63,9.6,17.71,49,0
62,4,0,3,0,8,7.01,4.59,3.87,56,0
78,5,0,8,2,6,6.6,4.78,27.86,8,1
64,2,0,7,1,9,9.7,2.14,96.25,31,1
75,3,0,7,0,11,1.16,10.79,19.01,5,1
86,6,0,4,0,6,0.7,7.97,33.02,37,1
58,2,0,4,1,12,5.54,2.3,66.49,45,0
42,2,0,4,1,7,5.8,7.86,46.5,53,0
80,6,1,1,1,3,2.84,7.97,61.93,11,1
50,3,0,5,2,8,8.5,0.87,41.44,75,0
69,6,0,5,1,7,7.51,9.24,10.66,51,1
86,1,1,5,1,10,5.31,6.71,31.73,90,0
84,5,0,6,1,8,8.61,5.4,75.18,100,0
86,2,1,2,2,8,8.93,0.97,15.08,45,0
47,5,1,5,1,7,2.07,5.04,90.48,70,0
93,3,1,3,3,12,4.19,8.97,54.61,72,0
48,1,0,7,0,10,7.98,8.69,84.05,110,1
88,5,1,4,1,6,4.62,0.6,37.91,25,0
68,3,0,9,0,10,4.7,8.99,5.21,114,1
28,4,0,5,0,8,1.52,1.51,66.95,67,0
52,4,1,3,0,4,1.15,9.83,96.47,12,0
59,1,0,1,3,9,8.31,2.91,69.72,36,1
35,6,1,2,3,8,6.62,0.83,64.75,1,0
82,8,2,2,0,7,7.34,11.59,27.01,96,1
81,1,0,5,1,6,2.45,11.22,27.89,54,1
92,2,0,8,2,8,7.98,4.08,88.03,84,1
21,5,0,4,2,11,5.55,2.88,47.61,85,0
22,5,1,4,1,5,5.31,5.11,74.59,39,0
54,2,0,6,1,5,7.43,11.41,69.02,22,1
55,3,0,3,1,9,2.27,2.15,1.41,64,0
26,4,0,3,3,12,4.91,10.47,57.41,56,0
43,5,0,5,1,11,5.77,8.24,15.17,97,1
30,4,1,4,2,3,7.91,2.71,52.26,54,0
95,5,0,3,1,7,2.08,2.53,66.04,18,0
29,1,1,6,1,4,0.33,3.46,28.27,103,0
49,7,0,2,0,10,5.45,7.77,90.84,99,0
41,3,1,2,3,1,4.39,5.62,30.41,48,0
89,3,1,7,2,7,0.91,11.54,83.6,69,1
54,5,0,3,2,11,4.42,3.34,99.69,52,0
31,1,1,4,2,9,4.95,7.95,40.05,91,0
31,5,0,6,2,7,5.15,11.86,65.77,65,0
44,1,0,2,2,10,1.31,3.46,88.08,58,0
50,4,0,3,3,8,2.25,10.1,11.35,113,0
39,1,1,3,1,12,2.44,6.62,38.36,110,0
37,1,1,3,2,4,9.34,6.09,82.05,33,0
95,1,0,6,1,5,7.63,4.53,93.29,104,1
50,4,0,4,2,7,7.45,8.46,81.14,46,1
39,3,1,2,1,12,4.4,6.31,45.69,86,0
39,1,2,6,1,12,3.97,0.96,32.86,80,0
60,1,0,2,2,6,6.84,3.45,22.75,10,0
32,3,0,6,2,7,7.96,3.52,37.48,17,0
92,3,0,6,3,4,4.98,7.0,23.22,76,0
21,6,1,3,1,11,0.74,11.34,98.77,35,1
52,2,1,8,1,10,3.59,3.55,69.93,2,1
70,5,0,7,1,3,0.49,7.28,49.67,108,0
49,2,0,3,0,5,6.59,10.06,62.82,108,0
59,1,1,4,1,9,9.1,3.92,41.55,24,1
66,1,0,5,1,9,8.06,8.96,33.87,13,1
38,1,1,3,1,3,3.97,10.15,55.73,10,0
53,1,0,3,0,3,9.4,1.3,23.38,3,1
91,2,0,7,1,4,4.64,8.41,64.92,14,1
24,3,2,8,3,10,6.7,8.92,94.6,50,1
39,5,2,3,2,4,9.39,3.36,69.03,26,0
50,4,0,4,0,10,3.98,2.28,12.22,101,0
47,3,0,2,3,8,2.44,1.51,56.46,8,0
46,1,0,5,3,8,2.77,11.81,98.75,64,1
34,1,0,4,3,8,2.38,3.89,17.42,6,0
87,4,1,3,2,5,2.22,7.38,72.72,109,0
58,2,0,6,3,9,4.02,8.23,49.03,109,0
30,3,1,6,2,3,3.81,7.17,29.49,60,0
34,2,1,2,2,3,2.15,5.42,22.85,40,0
73,3,0,4,2,12,4.74,1.09,8.54,51,0
67,3,1,2,0,6,3.3,1.47,35.36,79,0
26,6,0,3,3,9,2.24,1.3,84.54,44,1
93,6,1,7,0,6,6.22,8.1,55.67,73,1
54,5,1,5,0,6,1.43,7.89,6.96,88,0
31,5,0,3,1,9,3.7,8.66,77.68,68,0
26,5,2,5,2,5,6.07,4.97,21.56,61,0
34,4,0,7,0,8,0.45,4.74,59.93,1,0
47,4,0,4,2,4,1.29,6.39,23.01,67,0
65,4,2,6,2,8,9.21,10.35,57.58,68,1
73,3,1,6,1,11,6.9,4.34,43.67,12,0
71,3,0,4,1,10,3.33,2.02,51.05,13,0
64,1,3,4,1,9,1.73,1.83,75.92,9,1
83,4,0,5,0,5,8.82,7.72,98.65,38,1
60,4,1,3,2,7,5.07,3.72,45.19,6,0
29,4,0,1,3,10,3.84,6.96,95.42,88,0
93,2,0,3,2,9,8.99,4.12,71.43,60,0
51,4,0,1,0,7,3.64,11.02,38.74,92,1
26,4,0,5,2,6,7.24,7.88,90.63,104,0
94,2,0,1,1,12,6.62,1.55,70.88,10,0
62,5,0,6,0,6,6.46,5.08,36.18,43,0
47,1,0,7,3,20,1.55,3.55,78.81,60,0
87,5,1,5,1,6,8.31,9.25,80.9,19,1
72,4,0,7,3,7,7.52,9.41,23.4,28,1
80,5,0,3,0,3,7.78,6.03,41.87,19,0
37,5,1,4,1,8,9.34,8.54,51.59,14,1
40,3,3,6,2,10,4.51,4.2,2.67,6,0
50,3,0,5,2,10,0.99,8.58,33.53,17,0
80,3,0,4,0,9,2.56,10.02,54.88,87,0
34,4,1,3,2,9,6.39,7.47,6.28,100,0
88,6,1,5,2,4,2.41,5.0,66.44,10,1
28,5,2,4,2,4,0.2,10.48,4.35,46,0
22,3,1,5,3,11,7.57,1.6,35.23,40,0
79,5,2,4,2,9,7.16,11.32,3.7,24,1
25,3,1,2,3,7,6.47,3.43,86.21,5,0
54,4,1,6,3,4,8.95,4.64,97.37,59,0
86,3,1,3,2,9,2.94,1.23,32.79,35,0
74,3,1,6,0,9,9.12,7.38,43.49,76,1
27,6,1,2,3,4,1.43,7.29,78.13,4,0
66,1,0,8,2,8,4.5,4.45,44.39,9,0
66,1,1,5,2,7,3.87,6.74,26.18,31,0
56,1,0,1,2,9,0.74,2.07,71.34,119,0
60,2,0,3,1,7,7.1,8.4,17.41,43,1
45,5,1,3,1,8,5.72,5.61,98.3,15,0
28,1,4,4,0,8,0.74,11.67,64.23,53,1
64,1,2,7,0,6,7.68,1.55,50.29,104,1
86,4,1,3,3,3,8.95,10.15,25.06,76,1
36,7,0,3,3,10,5.92,6.97,17.12,74,1
63,5,0,5,1,12,5.77,7.81,76.7,49,0
83,4,1,3,1,6,2.45,9.69,40.61,54,1
40,1,1,5,3,6,7.34,10.33,97.54,15,1
91,6,1,5,2,10,1.41,0.61,94.54,103,0
40,5,0,4,1,13,4.67,10.55,49.74,10,0
78,9,1,4,1,8,4.95,10.59,65.43,56,1
33,1,1,4,0,5,5.7,2.34,55.32,8,0
90,5,0,10,1,6,9.75,4.73,79.49,40,1
38,4,2,4,1,9,4.74,5.48,60.63,61,0
60,5,2,10,1,5,3.36,9.94,53.23,85,1
22,1,2,7,1,9,6.88,0.32,47.46,116,1
94,1,0,3,1,7,6.29,7.44,84.12,17,0
24,1,0,5,3,5,2.04,6.02,61.15,56,0
27,5,0,2,0,4,4.78,4.52,95.67,55,0
89,1,2,4,0,6,1.92,2.96,55.81,26,0
58,1,1,1,1,4,4.8,6.73,93.45,86,0
93,3,0,8,1,13,2.9,3.45,71.41,41,0
52,2,0,3,2,5,5.62,3.26,10.92,88,0
26,2,0,4,1,3,1.01,9.25,0.52,66,1
72,5,0,1,0,8,7.56,3.45,28.54,7,1
93,4,2,5,1,10,8.38,11.21,3.63,100,1
43,3,3,3,3,5,0.09,6.82,10.73,117,0
89,1,0,6,2,7,3.31,8.77,64.83,86,0
63,7,1,2,2,6,8.56,10.76,82.7,61,1
32,4,1,4,2,7,7.54,11.45,30.19,86,1
66,5,0,4,2,9,4.05,6.03,89.51,84,0
35,1,0,4,2,11,4.55,11.87,37.36,84,1
88,3,1,1,2,3,5.96,9.45,52.55,63,0
92,6,2,6,1,6,8.54,5.3,68.03,86,1
85,3,0,5,2,10,5.64,6.71,67.28,36,0
52,5,0,4,1,7,9.94,11.21,6.9,112,1
72,4,1,5,0,4,9.64,4.49,89.13,53,1
68,1,2,3,0,6,1.78,6.45,52.88,87,0
20,2,1,1,0,9,4.24,4.55,22.97,55,0
44,6,0,7,3,3,8.84,0.19,20.61,12,1
26,5,1,5,0,9,7.54,9.31,14.01,119,1
93,2,2,4,1,7,6.6,2.65,30.05,7,0
42,5,0,3,0,8,9.42,8.06,78.58,38,1
39,3,1,3,1,8,1.44,5.56,5.76,49,0
87,7,1,6,2,12,9.22,10.17,9.25,86,1
54,2,1,5,2,9,6.71,2.6,20.89,108,0
21,1,1,6,1,3,7.54,10.97,69.56,84,1
50,1,0,3,2,6,5.13,5.97,9.86,117,0
60,5,1,4,0,9,2.21,1.75,26.08,112,0
73,3,1,5,3,8,9.43,4.05,76.34,58,1
82,6,0,5,1,9,5.47,2.21,88.94,118,1
87,7,1,7,1,8,8.43,2.78,70.72,1,1
67,1,2,6,4,5,6.59,0.19,53.22,49,0
55,2,0,1,1,1,1.79,11.02,52.44,28,0
52,6,1,3,1,9,4.06,6.78,99.02,27,1
30,1,0,5,1,5,0.56,0.11,17.14,59,0
62,5,0,3,3,10,0.43,2.54,86.81,106,0
25,6,0,4,3,6,8.5,0.19,20.72,17,1
70,2,1,4,0,6,8.49,8.12,54.06,46,1
30,1,0,7,2,9,7.69,11.46,39.67,92,1
54,2,1,2,2,11,3.75,2.23,58.59,45,0
57,4,0,6,2,6,7.4,3.8,10.66,1,0
66,1,1,4,2,9,5.57,6.15,10.33,10,0
61,4,0,2,2,7,9.93,2.91,52.11,82,0
54,1,0,7,2,9,4.21,5.81,7.69,30,0
83,2,0,6,2,10,6.2,9.65,32.95,40,1
37,3,0,7,1,4,1.78,4.78,31.91,88,0
93,4,0,4,3,3,2.0,11.97,17.99,92,0
79,7,1,4,2,2,0.69,10.17,79.5,80,1
58,4,2,4,0,16,4.79,4.81,50.66,110,0
89,6,3,6,1,2,5.94,10.97,10.94,29,1
41,3,0,7,1,3,9.66,5.17,1.05,31,1
86,5,0,3,2,10,4.63,8.15,69.04,18,1
81,5,1,5,1,9,3.12,5.46,20.69,57,0
76,3,0,2,2,8,7.11,0.27,34.31,13,1
51,1,0,3,2,2,6.3,2.24,65.73,47,0
45,4,0,5,2,8,2.78,8.45,79.6,69,1
88,4,1,3,2,10,6.39,7.16,61.13,70,0
78,2,0,2,1,5,6.14,1.02,13.39,14,0
43,3,1,2,2,5,4.87,6.45,91.92,111,0
41,3,0,5,1,11,0.54,4.31,0.96,16,0
91,1,0,4,1,9,0.83,0.37,76.11,35,0
88,2,0,8,0,5,4.95,6.13,57.27,32,0
66,1,0,5,0,8,7.36,7.84,24.75,104,0
53,6,0,7,0,11,7.76,2.84,81.07,70,1
74,4,1,5,2,10,2.81,6.47,32.37,84,0
54,4,2,4,3,4,1.36,9.0,41.16,7,0
36,3,0,6,2,8,3.93,1.71,63.24,75,0
29,7,0,1,3,9,2.78,11.24,36.91,114,1
20,6,0,9,3,4,8.5,9.55,39.77,116,1
83,1,0,8,1,11,5.66,5.82,34.37,81,0
32,1,0,9,2,9,9.92,5.13,99.57,109,1
58,5,2,8,1,12,2.5,4.46,90.38,19,0
59,3,0,4,2,9,0.78,7.12,51.94,53,0
63,4,2,1,1,8,0.71,4.6,73.08,12,0
58,6,2,5,1,9,5.31,0.1,65.0,52,1
39,3,2,3,1,8,8.97,1.68,12.32,87,0
74,3,1,4,2,4,6.08,9.35,69.05,101,1
58,3,1,7,2,10,6.46,9.41,79.38,28,1
50,1,1,1,1,14,1.32,10.33,56.84,43,1
80,3,2,4,2,8,2.62,0.48,6.05,94,0
84,4,0,2,2,6,0.84,0.95,92.09,116,0
61,3,0,6,2,4,0.66,8.38,73.0,101,0
31,4,0,4,1,5,1.76,0.15,13.72,1,0
64,1,0,4,1,6,1.27,9.37,26.88,106,1
23,2,1,3,1,12,4.96,6.13,5.54,103,0
40,3,0,5,0,5,2.28,6.11,4.4,103,0
80,1,2,7,4,13,7.14,7.87,22.45,29,1
60,4,0,5,1,10,9.02,2.15,80.43,117,1
28,6,0,5,1,10,3.69,3.5,78.45,88,0
67,5,0,3,2,6,9.0,9.13,24.51,1,1
49,1,0,4,1,5,3.76,8.86,30.75,24,1
73,6,0,5,3,7,0.93,11.06,89.73,62,1
67,1,1,2,1,6,5.92,0.75,66.24,15,0
60,2,1,4,2,5,4.53,2.8,94.36,16,0
33,4,1,3,2,0,2.08,3.7,26.5,14,0
58,2,1,2,3,9,3.28,1.09,24.82,42,0
58,3,4,6,2,3,2.5,5.54,80.39,16,0
48,4,2,7,1,11,6.45,6.99,25.88,97,0
28,4,2,5,1,11,1.23,11.31,5.06,110,0
70,1,0,5,1,9,9.08,3.3,44.6,17,0
51,2,0,6,1,10,4.19,7.71,79.72,29,0
89,5,1,1,2,5,5.45,5.82,91.27,60,0
43,6,1,8,2,6,4.72,4.29,58.4,27,1
51,7,0,3,2,1,0.56,11.96,21.94,101,1
65,9,0,5,2,5,3.59,7.1,70.35,42,0
38,6,0,4,4,7,4.92,3.71,49.04,10,1
48,6,1,3,3,8,1.77,9.63,86.82,7,1
38,2,1,1,3,2,3.74,11.3,39.56,12,0
37,7,0,2,2,5,7.07,6.74,88.96,73,1
95,4,1,3,1,5,1.78,0.02,70.2,68,0
92,6,1,9,0,8,9.37,1.69,74.53,28,1
41,6,0,1,2,3,7.29,4.03,1.14,25,1
64,3,1,6,2,7,8.85,5.92,37.87,65,0
81,1,1,2,2,5,4.51,9.59,3.34,2,0
33,5,1,2,3,1,0.93,7.13,61.36,57,0
41,2,0,3,2,8,9.74,4.91,55.41,111,0
56,3,1,3,2,6,0.04,1.05,82.39,75,0
32,4,1,5,1,9,8.44,3.7,39.75,58,1
31,2,0,3,2,8,4.4,3.16,83.71,67,0
32,4,1,5,0,5,5.9,6.64,84.08,98,0
88,2,0,3,1,7,8.54,0.42,57.12,62,0
38,5,2,7,3,15,9.72,9.7,12.62,50,1
75,5,2,6,3,5,8.07,1.04,55.64,66,1
86,6,0,6,2,3,5.23,5.04,41.44,17,0
32,6,0,6,2,5,4.11,4.6,48.56,73,0
55,3,0,6,1,5,3.96,10.55,69.05,5,0
54,4,0,5,1,7,6.96,1.18,86.89,16,0
76,6,1,3,1,3,0.89,5.3,91.34,48,0
86,6,0,3,1,6,1.36,10.22,87.93,3,1
45,6,1,3,0,9,7.05,3.29,82.35,60,1
35,3,0,2,2,11,5.51,4.13,83.77,31,0
31,3,0,6,2,11,9.65,10.29,64.74,81,1
72,1,0,7,1,6,1.73,9.61,22.38,73,1
55,4,0,5,1,9,4.67,8.13,82.43,47,0
85,9,0,6,0,5,6.84,5.78,33.63,33,0
55,3,0,8,2,6,1.5,9.19,89.97,96,1
71,2,0,4,0,10,4.19,4.66,3.53,84,0
44,3,0,7,1,4,4.76,11.29,35.85,36,1
91,4,1,6,2,9,1.83,8.16,33.56,10,0
59,1,0,7,1,10,4.64,1.41,5.37,76,0
29,2,1,7,3,4,8.71,1.81,99.23,41,1
78,3,2,8,2,9,3.33,11.84,31.34,6,1
46,4,0,5,0,8,6.14,7.6,40.34,115,0
24,3,0,4,4,6,7.57,6.37,1.79,1,1
48,3,0,6,2,6,8.24,3.58,29.08,87,0
63,3,0,6,4,15,4.9,9.0,16.49,108,1
22,4,2,7,3,6,3.67,7.81,3.74,105,0
88,3,0,3,2,8,8.36,0.58,11.58,53,0
52,2,1,4,0,6,6.62,3.24,60.56,16,0
33,6,0,4,1,13,4.98,7.31,77.8,99,1
65,3,0,7,2,9,3.31,0.03,67.16,108,1
83,8,1,5,0,7,1.01,3.07,23.12,118,0
79,7,1,7,0,5,4.26,1.39,85.12,106,1
37,6,0,3,1,10,6.22,10.54,9.3,97,1
71,2,1,6,0,4,8.86,2.0,13.25,87,1
40,4,2,7,0,8,4.38,7.34,77.92,73,1
36,1,1,6,1,12,0.12,10.42,52.48,89,1
48,5,2,4,1,11,7.01,1.14,66.17,29,0
69,6,2,7,1,14,5.06,5.63,49.58,19,1
61,4,1,10,2,8,6.43,4.84,23.5,55,1
77,5,1,2,4,7,4.03,0.43,54.91,99,1
58,3,1,3,1,5,3.41,9.9,81.66,101,0
80,3,0,4,2,7,3.55,7.6,79.99,65,0
33,3,1,5,3,11,7.22,1.28,61.09,22,1
70,4,2,5,2,8,6.33,8.07,12.32,107,0
95,3,1,4,0,8,0.49,11.22,83.88,57,0
42,3,0,5,1,5,3.22,10.58,41.87,73,1
51,1,0,10,3,7,1.33,4.95,70.0,89,0
90,6,0,7,1,9,2.91,4.14,67.24,117,1
42,6,0,4,1,9,3.52,5.76,57.06,80,0
88,3,2,5,0,9,6.7,2.4,75.02,19,0
52,4,1,5,2,6,5.41,4.3,45.26,73,0
91,6,0,3,1,9,2.88,7.97,92.65,46,1
60,1,1,4,1,5,8.69,10.33,44.31,27,1
67,4,0,2,0,10,1.77,8.19,18.7,20,0
68,3,1,5,1,9,8.46,0.07,46.63,112,0
61,1,0,2,0,6,5.5,0.87,70.77,63,0
86,7,2,5,0,9,0.92,2.65,21.34,39,0
47,6,0,2,2,8,1.15,4.15,24.03,77,1
51,1,2,4,1,14,9.45,4.63,54.02,33,1
67,1,0,3,2,6,0.82,1.15,97.16,92,0
28,2,1,7,2,12,8.36,2.47,82.87,105,1
75,1,0,4,1,5,0.88,0.65,79.42,66,0
49,4,1,3,1,8,3.16,4.67,11.83,1,0
28,4,0,4,1,9,7.87,3.62,8.65,91,0
70,3,1,4,2,9,7.47,9.56,84.95,35,1
58,2,0,5,0,2,5.54,6.66,12.32,1,0
88,7,0,4,2,12,7.26,2.54,90.56,102,1
43,4,2,5,2,9,8.51,11.19,99.43,55,1
57,1,0,3,2,11,9.52,4.29,67.13,28,0
28,5,0,2,2,6,5.66,4.37,31.63,51,0
51,6,1,1,1,6,3.59,8.15,33.16,57,1
59,3,1,4,1,6,8.91,2.36,73.35,75,1
22,7,1,2,2,4,7.69,2.55,3.67,31,1
89,1,1,4,2,8,2.91,5.58,51.04,47,0
50,1,2,2,1,6,5.14,5.35,17.91,113,0
38,3,0,4,2,6,3.69,0.51,20.68,108,0
80,4,2,2,3,9,1.03,11.62,63.36,32,1
94,2,0,3,1,4,5.17,4.52,90.72,61,0
64,1,0,5,1,5,1.39,1.99,7.71,77,0
43,5,2,6,0,5,1.13,8.1,47.9,70,0
72,4,1,5,1,7,6.3,0.47,57.23,6,0
43,1,0,7,1,11,8.21,11.37,21.66,72,1
81,1,1,8,0,4,8.2,2.18,65.96,31,1
63,6,0,6,2,8,5.23,10.91,68.44,99,1
42,4,0,5,3,9,5.03,1.41,48.22,15,0
20,6,0,3,1,7,5.3,2.75,80.23,94,0
95,4,1,1,2,4,4.25,3.05,76.59,109,0
89,2,1,4,0,6,0.07,7.85,68.78,37,0
39,3,0,6,1,11,5.65,7.34,99.18,47,0
90,4,0,3,2,7,3.44,8.47,73.58,102,1
49,5,0,6,2,9,4.01,4.06,55.06,83,0
40,1,1,6,0,4,0.88,3.16,37.08,73,0
71,4,0,3,1,4,9.46,9.84,64.03,52,1
86,3,1,3,1,8,0.36,2.87,0.03,18,0
71,5,0,6,0,6,7.37,0.82,9.02,34,1
94,1,3,4,3,10,5.75,3.13,40.71,12,0
57,8,0,5,1,7,5.38,9.52,25.01,53,1
81,4,0,7,1,4,0.27,1.4,6.76,76,1
49,4,1,3,1,10,7.01,3.16,28.73,47,1
63,8,2,3,2,9,9.47,8.2,90.99,59,1
50,3,1,4,2,10,6.19,1.87,10.67,110,0
83,1,0,4,1,3,4.92,11.82,89.7,104,0
85,4,0,6,1,7,7.99,5.74,54.08,60,0
42,3,1,3,1,12,3.79,1.21,36.16,103,0
53,4,1,7,1,6,4.99,2.53,70.07,44,1
55,1,1,8,1,9,8.04,6.66,85.63,23,1
39,1,0,5,1,8,8.93,7.57,53.4,37,0
52,1,0,2,2,13,4.77,7.56,44.99,40,0
91,5,0,3,1,10,3.51,8.16,60.56,69,0
88,5,2,3,3,3,8.9,4.57,28.65,75,0
41,4,0,1,0,9,4.05,10.88,7.91,41,0
57,3,0,1,3,9,7.48,6.25,45.03,20,1
36,1,0,2,3,6,0.8,2.0,10.3,7,0
90,7,1,1,1,11,0.84,11.18,38.98,27,1
76,5,0,4,2,7,6.64,10.32,32.52,57,1
89,6,0,8,3,4,4.57,8.99,87.73,52,1
88,3,0,6,0,6,4.42,4.39,25.98,36,0
37,2,1,9,2,11,0.09,5.17,29.29,27,0
67,3,1,8,1,8,7.15,7.75,82.84,26,1
50,1,0,2,0,7,5.32,3.23,18.8,8,0
34,6,0,2,1,12,1.88,0.23,4.96,64,0
33,3,1,4,2,8,2.17,5.04,78.57,59,0
24,4,0,8,2,7,7.76,0.86,47.01,23,1
68,4,0,5,1,8,7.38,0.4,46.08,92,0
46,1,0,5,1,10,6.29,0.51,93.74,62,0
58,5,2,5,1,11,3.25,2.01,27.61,14,0
21,5,2,4,1,3,1.55,9.25,24.87,59,1
63,10,0,4,1,5,7.91,1.51,23.27,117,1
64,1,1,2,2,12,3.58,1.62,89.87,58,0
57,1,0,2,1,6,8.68,7.18,86.06,19,0
77,6,0,6,1,8,6.38,4.55,18.55,2,1
50,3,1,8,1,9,7.66,1.85,28.31,49,1
32,6,0,4,2,6,8.73,2.42,48.54,11,1
69,2,0,4,1,5,0.71,11.16,20.87,58,1
30,6,0,5,0,11,8.9,9.86,79.42,6,1
87,4,1,3,4,9,7.25,6.38,18.95,63,1
42,3,0,4,1,2,5.77,8.09,70.26,51,0
43,1,0,3,0,2,9.02,6.6,99.69,101,0
75,1,1,3,2,11,3.75,6.6,74.46,43,0
70,4,1,4,2,12,0.07,11.81,21.48,37,1
55,7,2,3,0,6,0.94,5.52,15.61,31,1
51,4,2,6,2,12,7.24,9.51,17.29,99,1
93,2,1,4,1,7,8.08,4.58,78.01,110,0
75,1,2,5,1,5,0.11,9.33,38.25,36,0
89,1,0,4,1,6,6.74,11.97,97.1,90,0
31,4,1,4,2,11,0.49,4.79,8.51,60,0
36,5,1,2,2,10,5.71,6.73,99.71,62,0
54,4,0,5,1,6,3.48,3.85,59.39,2,0
64,2,0,1,1,8,0.45,9.82,19.97,44,1
30,4,1,9,1,11,0.14,8.33,11.13,54,1
46,1,0,3,0,6,5.49,7.48,99.23,83,0
68,1,0,6,2,6,6.18,0.64,65.48,1,0
54,7,0,1,1,9,2.92,10.6,38.65,117,1
32,5,0,4,1,10,5.61,8.55,3.98,110,0
82,8,0,5,1,10,6.25,2.83,97.82,60,1
52,7,0,5,1,5,1.52,10.77,65.69,10,1
49,3,0,6,1,9,6.05,5.39,13.18,78,0
45,5,0,4,0,14,9.76,1.74,93.3,110,0
91,8,0,4,2,13,1.46,0.35,31.87,116,1
58,1,1,8,0,7,1.07,2.22,76.24,73,0
92,7,0,3,2,8,0.79,9.36,13.41,101,1
67,4,1,3,2,8,9.69,11.11,95.02,26,1
45,6,1,4,4,4,8.67,5.88,32.49,54,1
71,4,0,6,0,2,5.72,6.43,64.14,84,0
33,6,0,6,5,10,5.19,4.75,73.52,66,1
26,4,2,7,0,7,2.94,11.03,69.0,108,1
77,5,1,6,2,11,8.94,6.56,39.31,38,0
78,1,0,5,3,7,9.07,9.56,71.84,14,1
77,7,0,4,1,3,9.75,7.34,15.99,66,1
41,6,0,4,1,9,7.12,5.03,30.95,92,1
43,3,1,5,2,12,2.53,5.5,85.54,65,0
83,4,2,2,2,11,2.45,6.57,61.98,66,0
26,5,1,5,1,9,0.32,6.94,60.33,39,0
33,2,1,3,0,6,7.87,2.13,45.53,69,1
31,1,1,3,3,4,7.58,10.12,6.49,56,1
55,3,1,5,2,11,9.79,6.35,8.77,86,0
56,4,0,6,1,11,6.23,11.13,61.43,59,1
83,2,1,2,1,8,0.24,7.51,11.79,101,0
73,3,0,5,0,6,0.11,2.41,28.16,94,0
84,1,0,6,2,4,9.6,9.98,19.4,100,1
81,5,2,3,1,5,6.27,10.7,53.7,40,1
72,4,0,2,1,6,0.19,6.93,33.17,109,0
28,1,1,4,4,9,6.27,10.11,57.1,46,1
59,3,0,7,2,5,4.52,11.41,21.61,36,1
24,4,1,1,1,8,4.83,6.0,19.02,110,0
87,3,1,5,1,11,9.93,2.46,3.66,46,1
34,3,3,5,1,4,0.87,5.6,4.61,62,1
59,7,1,4,1,8,5.32,9.27,67.11,32,1
34,5,2,5,1,7,3.5,3.82,14.16,84,0
51,4,1,6,1,8,9.03,0.61,38.36,10,0
95,4,0,2,1,8,3.32,2.38,75.84,97,0
79,3,0,6,0,10,6.44,9.2,47.05,113,0
53,4,1,3,1,3,7.89,10.59,45.33,3,1
64,1,1,4,2,4,4.06,8.57,10.7,66,0
58,2,0,4,0,10,5.48,11.69,38.38,40,1
95,1,2,3,1,7,6.7,8.87,71.19,100,0
79,2,0,5,1,8,4.06,7.18,68.55,71,0
61,1,1,8,2,12,6.36,0.0,14.67,17,0
69,1,0,3,2,13,3.0,9.53,67.96,110,1
64,6,0,3,1,11,0.62,10.81,96.79,1,1
65,1,1,6,3,8,5.9,7.5,71.18,48,0
47,2,0,5,2,13,1.54,11.97,67.01,16,0
22,2,2,8,0,1,1.36,1.65,80.59,103,1
74,2,0,1,2,6,4.25,0.09,49.82,87,0
54,4,0,6,0,14,5.68,8.46,11.32,57,1
38,3,0,7,0,7,5.23,7.32,24.52,75,1
29,6,0,2,0,6,9.04,6.42,1.08,54,1
93,3,0,8,1,7,9.23,8.99,72.7,67,1
80,4,0,3,1,5,7.37,0.33,48.48,15,0
55,3,2,4,2,7,9.1,8.87,65.92,44,1
50,1,0,5,2,5,0.84,1.74,93.39,18,0
72,4,0,2,2,9,3.45,7.71,75.55,13,0
71,7,0,5,4,5,2.34,8.2,39.01,31,1
75,8,1,2,2,12,0.41,11.01,63.74,114,1
54,3,0,6,3,10,3.91,9.28,74.91,88,0
44,1,0,6,1,8,0.68,4.93,52.53,82,0
56,4,0,5,1,7,5.94,10.73,21.68,71,0
35,6,1,2,3,4,1.85,1.33,18.43,35,1
29,1,0,1,1,11,9.03,9.24,32.34,19,1
27,2,1,9,2,7,4.92,11.14,61.03,21,1
38,6,0,4,1,7,4.42,3.11,3.49,8,1
77,6,1,4,1,10,1.52,3.96,39.13,1,1
82,4,0,5,1,2,0.7,2.71,38.44,82,0
35,1,0,3,3,4,9.59,1.09,53.46,115,0
78,5,1,3,2,11,9.68,7.93,29.89,46,0
65,1,1,3,2,8,9.96,2.86,38.88,95,0
83,4,0,4,0,11,0.37,0.67,78.78,5,0
86,1,1,5,1,2,0.37,1.7,65.38,56,0
25,1,1,7,3,8,9.05,9.85,9.73,73,1
28,4,0,1,2,8,4.26,9.74,98.22,81,0
93,7,0,4,2,7,0.46,2.08,6.32,32,1
41,3,0,1,2,9,8.47,7.35,77.77,1,0
20,4,3,5,1,4,2.84,8.32,79.22,57,1
38,2,0,1,3,7,1.8,6.0,95.03,75,0
64,3,0,6,3,16,9.77,7.43,86.27,118,0
79,4,0,4,2,9,9.69,5.69,17.63,80,0
66,1,0,7,1,12,7.58,0.52,74.04,110,1
23,3,1,7,1,5,1.99,8.12,32.57,93,1
32,3,1,7,2,14,0.74,7.02,5.43,52,0
78,4,1,3,2,6,3.36,0.39,56.87,33,0
79,5,0,5,0,13,6.04,9.47,63.8,73,0
90,4,0,6,1,12,8.37,3.35,73.0,88,0
61,3,0,5,4,4,9.14,10.78,41.78,5,1
84,6,1,1,2,9,2.41,6.7,1.24,87,1
36,2,0,6,2,7,6.69,1.94,45.93,68,0
78,2,1,4,1,10,7.04,0.02,62.73,46,1
87,1,2,5,1,15,5.42,9.53,78.77,9,1
27,1,0,4,2,5,0.41,4.4,64.82,84,0
46,5,1,6,0,6,7.37,9.03,87.11,84,1
48,2,2,2,1,10,4.52,6.02,82.96,56,0
88,4,1,3,0,11,6.93,11.74,88.31,22,1
31,7,2,3,4,9,6.97,5.96,87.5,62,1
57,5,0,6,3,6,4.2,8.85,2.15,22,0
49,5,0,3,3,5,4.86,7.99,53.02,65,0
92,1,2,7,2,10,4.84,11.65,76.97,5,1
78,6,0,6,3,8,7.08,10.86,79.45,19,1
60,5,0,4,1,9,7.07,7.99,97.8,17,0
40,3,0,9,2,8,9.28,1.87,97.02,65,1
57,1,0,5,4,5,5.74,1.77,56.52,108,0
34,3,0,6,2,6,8.41,5.35,9.25,6,0
94,5,0,4,2,6,0.84,10.19,67.71,114,1
70,4,1,1,0,10,1.48,10.25,36.96,44,0
64,2,0,7,1,7,8.88,8.9,41.56,53,1
74,3,0,6,0,9,9.88,6.3,33.54,111,0
68,5,1,6,2,6,5.56,8.52,75.52,16,0
68,3,2,5,1,4,7.4,2.69,79.12,18,0
80,2,2,7,1,9,9.07,7.74,2.84,91,1
28,2,0,2,2,7,9.74,9.82,37.32,87,1
53,7,1,5,1,13,1.35,1.96,27.27,50,1
65,5,1,4,1,9,7.65,7.19,16.71,38,0
58,6,0,8,1,10,3.52,1.72,13.69,33,1
72,1,2,5,2,8,8.97,7.36,83.14,63,0
90,5,0,1,0,11,1.17,1.57,1.74,41,0
37,5,0,2,1,5,0.29,9.77,22.24,102,0
49,6,0,6,3,7,7.63,1.34,1.88,58,1
45,6,2,4,1,9,0.66,8.01,75.46,93,1
46,5,0,4,1,7,1.46,8.95,27.74,69,0
84,4,0,4,1,10,5.29,8.59,96.43,20,1
20,1,1,4,2,11,7.08,4.4,58.94,52,1
43,6,0,2,2,3,3.14,5.59,51.97,59,0
56,5,0,4,1,9,2.84,7.2,31.2,117,0
90,1,2,1,2,12,9.39,4.41,1.28,80,1
70,1,0,6,2,8,4.01,7.09,10.17,111,0
28,3,1,6,3,6,4.25,5.99,76.48,91,0
71,4,0,7,4,5,5.11,1.77,45.46,14,1
49,3,0,5,2,12,9.72,4.59,67.92,18,0
32,5,1,2,0,7,4.66,3.52,49.79,60,0
89,1,0,7,2,10,3.15,4.52,45.97,3,0
58,2,1,4,1,9,3.89,9.17,56.89,58,0
89,1,0,6,1,5,9.71,7.4,35.28,117,0
23,5,0,4,0,12,5.84,9.18,62.52,45,0
65,3,1,5,2,7,6.88,10.43,11.45,20,0
24,4,0,5,0,5,2.67,8.35,58.8,118,0
69,3,1,1,2,8,8.11,8.01,16.66,35,1
45,6,0,5,2,2,5.36,3.45,4.75,119,0
48,1,0,4,0,5,5.66,6.37,42.71,41,0
58,3,0,4,1,5,4.14,3.02,51.54,80,0
22,2,0,5,3,5,9.38,3.22,63.79,97,1
75,1,2,3,2,8,4.62,2.88,74.64,91,0
72,2,2,6,2,3,6.46,3.08,60.12,48,0
44,5,2,5,1,11,9.91,5.06,90.57,24,0
23,3,2,4,1,12,4.86,0.24,85.96,10,0
28,1,1,3,1,11,0.9,11.32,72.42,16,0
84,6,0,7,0,10,8.85,2.86,12.23,96,1
94,3,0,1,1,0,2.18,1.28,21.41,32,0
95,6,1,4,1,4,2.46,3.33,78.43,17,0
67,3,1,4,3,7,8.41,7.95,94.08,82,1
50,3,1,3,0,11,5.35,2.84,44.24,1,0
52,2,0,9,2,5,8.59,1.92,43.88,38,1
72,4,0,8,2,3,9.26,3.99,42.24,110,1
40,4,0,2,1,11,8.13,8.85,45.33,3,1
43,1,0,6,2,6,0.82,1.89,51.64,116,0
36,2,1,2,2,5,4.78,8.82,26.07,82,1
56,4,1,6,3,13,2.24,11.38,92.31,77,0
31,2,1,4,1,6,4.01,5.15,26.02,10,0
